id,code,country_code,parent_id,level,name,native_name,is_active,sort_order,created_at,updated_at
1,KEE,TW,0,1,基隆市,基隆市,1,1,2/12/2025 11:44:23,2/12/2025 11:44:23
2,TPE,TW,0,1,臺北市,臺北市,1,2,2/12/2025 11:44:23,2/12/2025 11:44:23
3,NWT,TW,0,1,新北市,新北市,1,3,2/12/2025 11:44:23,2/12/2025 11:44:23
4,KHH,TW,0,1,桃園市,桃園市,1,4,2/12/2025 11:44:23,2/12/2025 11:44:23
5,HSZ,TW,0,1,新竹市,新竹市,1,5,2/12/2025 11:44:23,2/12/2025 11:44:23
6,HSQ,TW,0,1,新竹縣,新竹縣,1,6,2/12/2025 11:44:23,2/12/2025 11:44:23
7,MIA,TW,0,1,苗栗縣,苗栗縣,1,7,2/12/2025 11:44:23,2/12/2025 11:44:23
8,TXG,TW,0,1,臺中市,臺中市,1,8,2/12/2025 11:44:23,2/12/2025 11:44:23
9,CHA,TW,0,1,彰化縣,彰化縣,1,9,2/12/2025 11:44:23,2/12/2025 11:44:23
10,NAN,TW,0,1,南投縣,南投縣,1,10,2/12/2025 11:44:23,2/12/2025 11:44:23
11,YUN,TW,0,1,雲林縣,雲林縣,1,11,2/12/2025 11:44:23,2/12/2025 11:44:23
12,CYI,TW,0,1,嘉義市,嘉義市,1,12,2/12/2025 11:44:23,2/12/2025 11:44:23
13,CYQ,TW,0,1,嘉義縣,嘉義縣,1,13,2/12/2025 11:44:23,2/12/2025 11:44:23
14,TNN,TW,0,1,臺南市,臺南市,1,14,2/12/2025 11:44:23,2/12/2025 11:44:23
15,KHH,TW,0,1,高雄市,高雄市,1,15,2/12/2025 11:44:23,2/12/2025 11:44:23
16,PIF,TW,0,1,屏東縣,屏東縣,1,16,2/12/2025 11:44:23,2/12/2025 11:44:23
17,TTT,TW,0,1,臺東縣,臺東縣,1,17,2/12/2025 11:44:23,2/12/2025 11:44:23
18,HUA,TW,0,1,花蓮縣,花蓮縣,1,18,2/12/2025 11:44:23,2/12/2025 11:44:23
19,ILA,TW,0,1,宜蘭縣,宜蘭縣,1,19,2/12/2025 11:44:23,2/12/2025 11:44:23
20,PEN,TW,0,1,澎湖縣,澎湖縣,1,20,2/12/2025 11:44:23,2/12/2025 11:44:23
21,KIN,TW,0,1,金門縣,金門縣,1,21,2/12/2025 11:44:23,2/12/2025 11:44:23
22,LIE,TW,0,1,連江縣,連江縣,1,22,2/12/2025 11:44:23,2/12/2025 11:44:23
23,,TW,1,2,仁愛區,仁愛區,1,1,2/12/2025 11:44:23,2/12/2025 11:44:23
24,,TW,1,2,信義區,信義區,1,2,2/12/2025 11:44:23,2/12/2025 11:44:23
25,,TW,1,2,中正區,中正區,1,3,2/12/2025 11:44:23,2/12/2025 11:44:23
26,,TW,1,2,中山區,中山區,1,4,2/12/2025 11:44:23,2/12/2025 11:44:23
27,,TW,1,2,安樂區,安樂區,1,5,2/12/2025 11:44:23,2/12/2025 11:44:23
28,,TW,1,2,暖暖區,暖暖區,1,6,2/12/2025 11:44:23,2/12/2025 11:44:23
29,,TW,1,2,七堵區,七堵區,1,7,2/12/2025 11:44:23,2/12/2025 11:44:23
30,,TW,2,2,中正區,中正區,1,1,2/12/2025 11:44:23,2/12/2025 11:44:23
31,,TW,2,2,大同區,大同區,1,2,2/12/2025 11:44:23,2/12/2025 11:44:23
32,,TW,2,2,中山區,中山區,1,3,2/12/2025 11:44:23,2/12/2025 11:44:23
33,,TW,2,2,松山區,松山區,1,4,2/12/2025 11:44:23,2/12/2025 11:44:23
34,,TW,2,2,大安區,大安區,1,5,2/12/2025 11:44:23,2/12/2025 11:44:23
35,,TW,2,2,萬華區,萬華區,1,6,2/12/2025 11:44:23,2/12/2025 11:44:23
36,,TW,2,2,信義區,信義區,1,7,2/12/2025 11:44:23,2/12/2025 11:44:23
37,,TW,2,2,士林區,士林區,1,8,2/12/2025 11:44:23,2/12/2025 11:44:23
38,,TW,2,2,北投區,北投區,1,9,2/12/2025 11:44:23,2/12/2025 11:44:23
39,,TW,2,2,內湖區,內湖區,1,10,2/12/2025 11:44:23,2/12/2025 11:44:23
40,,TW,2,2,南港區,南港區,1,11,2/12/2025 11:44:23,2/12/2025 11:44:23
41,,TW,2,2,文山區,文山區,1,12,2/12/2025 11:44:23,2/12/2025 11:44:23
42,,TW,3,2,萬里區,萬里區,1,1,2/12/2025 11:44:23,2/12/2025 11:44:23
43,,TW,3,2,金山區,金山區,1,2,2/12/2025 11:44:23,2/12/2025 11:44:23
44,,TW,3,2,板橋區,板橋區,1,3,2/12/2025 11:44:23,2/12/2025 11:44:23
45,,TW,3,2,汐止區,汐止區,1,4,2/12/2025 11:44:23,2/12/2025 11:44:23
46,,TW,3,2,深坑區,深坑區,1,5,2/12/2025 11:44:23,2/12/2025 11:44:23
47,,TW,3,2,石碇區,石碇區,1,6,2/12/2025 11:44:23,2/12/2025 11:44:23
48,,TW,3,2,瑞芳區,瑞芳區,1,7,2/12/2025 11:44:23,2/12/2025 11:44:23
49,,TW,3,2,平溪區,平溪區,1,8,2/12/2025 11:44:23,2/12/2025 11:44:23
50,,TW,3,2,雙溪區,雙溪區,1,9,2/12/2025 11:44:23,2/12/2025 11:44:23
51,,TW,3,2,貢寮區,貢寮區,1,10,2/12/2025 11:44:23,2/12/2025 11:44:23
52,,TW,3,2,新店區,新店區,1,11,2/12/2025 11:44:23,2/12/2025 11:44:23
53,,TW,3,2,坪林區,坪林區,1,12,2/12/2025 11:44:23,2/12/2025 11:44:23
54,,TW,3,2,烏來區,烏來區,1,13,2/12/2025 11:44:23,2/12/2025 11:44:23
55,,TW,3,2,永和區,永和區,1,14,2/12/2025 11:44:23,2/12/2025 11:44:23
56,,TW,3,2,中和區,中和區,1,15,2/12/2025 11:44:23,2/12/2025 11:44:23
57,,TW,3,2,土城區,土城區,1,16,2/12/2025 11:44:23,2/12/2025 11:44:23
58,,TW,3,2,三峽區,三峽區,1,17,2/12/2025 11:44:23,2/12/2025 11:44:23
59,,TW,3,2,樹林區,樹林區,1,18,2/12/2025 11:44:23,2/12/2025 11:44:23
60,,TW,3,2,鶯歌區,鶯歌區,1,19,2/12/2025 11:44:23,2/12/2025 11:44:23
61,,TW,3,2,三重區,三重區,1,20,2/12/2025 11:44:23,2/12/2025 11:44:23
62,,TW,3,2,新莊區,新莊區,1,21,2/12/2025 11:44:23,2/12/2025 11:44:23
63,,TW,3,2,泰山區,泰山區,1,22,2/12/2025 11:44:23,2/12/2025 11:44:23
64,,TW,3,2,林口區,林口區,1,23,2/12/2025 11:44:23,2/12/2025 11:44:23
65,,TW,3,2,蘆洲區,蘆洲區,1,24,2/12/2025 11:44:23,2/12/2025 11:44:23
66,,TW,3,2,五股區,五股區,1,25,2/12/2025 11:44:23,2/12/2025 11:44:23
67,,TW,3,2,八里區,八里區,1,26,2/12/2025 11:44:23,2/12/2025 11:44:23
68,,TW,3,2,淡水區,淡水區,1,27,2/12/2025 11:44:23,2/12/2025 11:44:23
69,,TW,3,2,三芝區,三芝區,1,28,2/12/2025 11:44:23,2/12/2025 11:44:23
70,,TW,3,2,石門區,石門區,1,29,2/12/2025 11:44:23,2/12/2025 11:44:23
71,,TW,4,2,中壢區,中壢區,1,1,2/12/2025 11:44:23,2/12/2025 11:44:23
72,,TW,4,2,平鎮區,平鎮區,1,2,2/12/2025 11:44:23,2/12/2025 11:44:23
73,,TW,4,2,龍潭區,龍潭區,1,3,2/12/2025 11:44:23,2/12/2025 11:44:23
74,,TW,4,2,楊梅區,楊梅區,1,4,2/12/2025 11:44:23,2/12/2025 11:44:23
75,,TW,4,2,新屋區,新屋區,1,5,2/12/2025 11:44:23,2/12/2025 11:44:23
76,,TW,4,2,觀音區,觀音區,1,6,2/12/2025 11:44:23,2/12/2025 11:44:23
77,,TW,4,2,桃園區,桃園區,1,7,2/12/2025 11:44:23,2/12/2025 11:44:23
78,,TW,4,2,龜山區,龜山區,1,8,2/12/2025 11:44:23,2/12/2025 11:44:23
79,,TW,4,2,八德區,八德區,1,9,2/12/2025 11:44:23,2/12/2025 11:44:23
80,,TW,4,2,大溪區,大溪區,1,10,2/12/2025 11:44:23,2/12/2025 11:44:23
81,,TW,4,2,復興區,復興區,1,11,2/12/2025 11:44:23,2/12/2025 11:44:23
82,,TW,4,2,大園區,大園區,1,12,2/12/2025 11:44:23,2/12/2025 11:44:23
83,,TW,4,2,蘆竹區,蘆竹區,1,13,2/12/2025 11:44:23,2/12/2025 11:44:23
84,,TW,5,2,東區,東區,1,1,2/12/2025 11:44:23,2/12/2025 11:44:23
85,,TW,5,2,北區,北區,1,2,2/12/2025 11:44:23,2/12/2025 11:44:23
86,,TW,5,2,香山區,香山區,1,3,2/12/2025 11:44:23,2/12/2025 11:44:23
87,,TW,6,2,竹北市,竹北市,1,1,2/12/2025 11:44:23,2/12/2025 11:44:23
88,,TW,6,2,湖口鄉,湖口鄉,1,2,2/12/2025 11:44:23,2/12/2025 11:44:23
89,,TW,6,2,新豐鄉,新豐鄉,1,3,2/12/2025 11:44:23,2/12/2025 11:44:23
90,,TW,6,2,新埔鎮,新埔鎮,1,4,2/12/2025 11:44:23,2/12/2025 11:44:23
91,,TW,6,2,關西鎮,關西鎮,1,5,2/12/2025 11:44:23,2/12/2025 11:44:23
92,,TW,6,2,芎林鄉,芎林鄉,1,6,2/12/2025 11:44:23,2/12/2025 11:44:23
93,,TW,6,2,寶山鄉,寶山鄉,1,7,2/12/2025 11:44:23,2/12/2025 11:44:23
94,,TW,6,2,竹東鎮,竹東鎮,1,8,2/12/2025 11:44:23,2/12/2025 11:44:23
95,,TW,6,2,五峰鄉,五峰鄉,1,9,2/12/2025 11:44:23,2/12/2025 11:44:23
96,,TW,6,2,橫山鄉,橫山鄉,1,10,2/12/2025 11:44:23,2/12/2025 11:44:23
97,,TW,6,2,尖石鄉,尖石鄉,1,11,2/12/2025 11:44:23,2/12/2025 11:44:23
98,,TW,6,2,北埔鄉,北埔鄉,1,12,2/12/2025 11:44:23,2/12/2025 11:44:23
99,,TW,6,2,峨眉鄉,峨眉鄉,1,13,2/12/2025 11:44:23,2/12/2025 11:44:23
100,,TW,7,2,竹南鎮,竹南鎮,1,1,2/12/2025 11:44:23,2/12/2025 11:44:23
101,,TW,7,2,頭份市,頭份市,1,2,2/12/2025 11:44:23,2/12/2025 11:44:23
102,,TW,7,2,三灣鄉,三灣鄉,1,3,2/12/2025 11:44:23,2/12/2025 11:44:23
103,,TW,7,2,南庄鄉,南庄鄉,1,4,2/12/2025 11:44:23,2/12/2025 11:44:23
104,,TW,7,2,獅潭鄉,獅潭鄉,1,5,2/12/2025 11:44:23,2/12/2025 11:44:23
105,,TW,7,2,後龍鎮,後龍鎮,1,6,2/12/2025 11:44:23,2/12/2025 11:44:23
106,,TW,7,2,通霄鎮,通霄鎮,1,7,2/12/2025 11:44:23,2/12/2025 11:44:23
107,,TW,7,2,苑裡鎮,苑裡鎮,1,8,2/12/2025 11:44:23,2/12/2025 11:44:23
108,,TW,7,2,苗栗市,苗栗市,1,9,2/12/2025 11:44:23,2/12/2025 11:44:23
109,,TW,7,2,造橋鄉,造橋鄉,1,10,2/12/2025 11:44:23,2/12/2025 11:44:23
110,,TW,7,2,頭屋鄉,頭屋鄉,1,11,2/12/2025 11:44:23,2/12/2025 11:44:23
111,,TW,7,2,公館鄉,公館鄉,1,12,2/12/2025 11:44:23,2/12/2025 11:44:23
112,,TW,7,2,大湖鄉,大湖鄉,1,13,2/12/2025 11:44:23,2/12/2025 11:44:23
113,,TW,7,2,泰安鄉,泰安鄉,1,14,2/12/2025 11:44:23,2/12/2025 11:44:23
114,,TW,7,2,銅鑼鄉,銅鑼鄉,1,15,2/12/2025 11:44:23,2/12/2025 11:44:23
115,,TW,7,2,三義鄉,三義鄉,1,16,2/12/2025 11:44:23,2/12/2025 11:44:23
116,,TW,7,2,西湖鄉,西湖鄉,1,17,2/12/2025 11:44:23,2/12/2025 11:44:23
117,,TW,7,2,卓蘭鎮,卓蘭鎮,1,18,2/12/2025 11:44:23,2/12/2025 11:44:23
118,,TW,8,2,中區,中區,1,1,2/12/2025 11:44:23,2/12/2025 11:44:23
119,,TW,8,2,東區,東區,1,2,2/12/2025 11:44:23,2/12/2025 11:44:23
120,,TW,8,2,南區,南區,1,3,2/12/2025 11:44:23,2/12/2025 11:44:23
121,,TW,8,2,西區,西區,1,4,2/12/2025 11:44:23,2/12/2025 11:44:23
122,,TW,8,2,北區,北區,1,5,2/12/2025 11:44:23,2/12/2025 11:44:23
123,,TW,8,2,北屯區,北屯區,1,6,2/12/2025 11:44:23,2/12/2025 11:44:23
124,,TW,8,2,西屯區,西屯區,1,7,2/12/2025 11:44:23,2/12/2025 11:44:23
125,,TW,8,2,南屯區,南屯區,1,8,2/12/2025 11:44:23,2/12/2025 11:44:23
126,,TW,8,2,太平區,太平區,1,9,2/12/2025 11:44:23,2/12/2025 11:44:23
127,,TW,8,2,大里區,大里區,1,10,2/12/2025 11:44:23,2/12/2025 11:44:23
128,,TW,8,2,霧峰區,霧峰區,1,11,2/12/2025 11:44:23,2/12/2025 11:44:23
129,,TW,8,2,烏日區,烏日區,1,12,2/12/2025 11:44:23,2/12/2025 11:44:23
130,,TW,8,2,豐原區,豐原區,1,13,2/12/2025 11:44:23,2/12/2025 11:44:23
131,,TW,8,2,后里區,后里區,1,14,2/12/2025 11:44:23,2/12/2025 11:44:23
132,,TW,8,2,石岡區,石岡區,1,15,2/12/2025 11:44:23,2/12/2025 11:44:23
133,,TW,8,2,東勢區,東勢區,1,16,2/12/2025 11:44:23,2/12/2025 11:44:23
134,,TW,8,2,和平區,和平區,1,17,2/12/2025 11:44:23,2/12/2025 11:44:23
135,,TW,8,2,新社區,新社區,1,18,2/12/2025 11:44:23,2/12/2025 11:44:23
136,,TW,8,2,潭子區,潭子區,1,19,2/12/2025 11:44:23,2/12/2025 11:44:23
137,,TW,8,2,大雅區,大雅區,1,20,2/12/2025 11:44:23,2/12/2025 11:44:23
138,,TW,8,2,神岡區,神岡區,1,21,2/12/2025 11:44:23,2/12/2025 11:44:23
139,,TW,8,2,大肚區,大肚區,1,22,2/12/2025 11:44:23,2/12/2025 11:44:23
140,,TW,8,2,沙鹿區,沙鹿區,1,23,2/12/2025 11:44:23,2/12/2025 11:44:23
141,,TW,8,2,龍井區,龍井區,1,24,2/12/2025 11:44:23,2/12/2025 11:44:23
142,,TW,8,2,梧棲區,梧棲區,1,25,2/12/2025 11:44:23,2/12/2025 11:44:23
143,,TW,8,2,清水區,清水區,1,26,2/12/2025 11:44:23,2/12/2025 11:44:23
144,,TW,8,2,大甲區,大甲區,1,27,2/12/2025 11:44:23,2/12/2025 11:44:23
145,,TW,8,2,外埔區,外埔區,1,28,2/12/2025 11:44:23,2/12/2025 11:44:23
146,,TW,8,2,大安區,大安區,1,29,2/12/2025 11:44:23,2/12/2025 11:44:23
147,,TW,9,2,彰化市,彰化市,1,1,2/12/2025 11:44:23,2/12/2025 11:44:23
148,,TW,9,2,芬園鄉,芬園鄉,1,2,2/12/2025 11:44:23,2/12/2025 11:44:23
149,,TW,9,2,花壇鄉,花壇鄉,1,3,2/12/2025 11:44:23,2/12/2025 11:44:23
150,,TW,9,2,秀水鄉,秀水鄉,1,4,2/12/2025 11:44:23,2/12/2025 11:44:23
151,,TW,9,2,鹿港鎮,鹿港鎮,1,5,2/12/2025 11:44:23,2/12/2025 11:44:23
152,,TW,9,2,福興鄉,福興鄉,1,6,2/12/2025 11:44:23,2/12/2025 11:44:23
153,,TW,9,2,線西鄉,線西鄉,1,7,2/12/2025 11:44:23,2/12/2025 11:44:23
154,,TW,9,2,和美鎮,和美鎮,1,8,2/12/2025 11:44:23,2/12/2025 11:44:23
155,,TW,9,2,伸港鄉,伸港鄉,1,9,2/12/2025 11:44:23,2/12/2025 11:44:23
156,,TW,9,2,員林市,員林市,1,10,2/12/2025 11:44:23,2/12/2025 11:44:23
157,,TW,9,2,社頭鄉,社頭鄉,1,11,2/12/2025 11:44:23,2/12/2025 11:44:23
158,,TW,9,2,永靖鄉,永靖鄉,1,12,2/12/2025 11:44:23,2/12/2025 11:44:23
159,,TW,9,2,埔心鄉,埔心鄉,1,13,2/12/2025 11:44:23,2/12/2025 11:44:23
160,,TW,9,2,溪湖鎮,溪湖鎮,1,14,2/12/2025 11:44:23,2/12/2025 11:44:23
161,,TW,9,2,大村鄉,大村鄉,1,15,2/12/2025 11:44:23,2/12/2025 11:44:23
162,,TW,9,2,埔鹽鄉,埔鹽鄉,1,16,2/12/2025 11:44:23,2/12/2025 11:44:23
163,,TW,9,2,田中鎮,田中鎮,1,17,2/12/2025 11:44:23,2/12/2025 11:44:23
164,,TW,9,2,北斗鎮,北斗鎮,1,18,2/12/2025 11:44:23,2/12/2025 11:44:23
165,,TW,9,2,田尾鄉,田尾鄉,1,19,2/12/2025 11:44:23,2/12/2025 11:44:23
166,,TW,9,2,埤頭鄉,埤頭鄉,1,20,2/12/2025 11:44:23,2/12/2025 11:44:23
167,,TW,9,2,溪州鄉,溪州鄉,1,21,2/12/2025 11:44:23,2/12/2025 11:44:23
168,,TW,9,2,竹塘鄉,竹塘鄉,1,22,2/12/2025 11:44:23,2/12/2025 11:44:23
169,,TW,9,2,二林鎮,二林鎮,1,23,2/12/2025 11:44:23,2/12/2025 11:44:23
170,,TW,9,2,大城鄉,大城鄉,1,24,2/12/2025 11:44:23,2/12/2025 11:44:23
171,,TW,9,2,芳苑鄉,芳苑鄉,1,25,2/12/2025 11:44:23,2/12/2025 11:44:23
172,,TW,9,2,二水鄉,二水鄉,1,26,2/12/2025 11:44:23,2/12/2025 11:44:23
173,,TW,10,2,南投市,南投市,1,1,2/12/2025 11:44:23,2/12/2025 11:44:23
174,,TW,10,2,中寮鄉,中寮鄉,1,2,2/12/2025 11:44:23,2/12/2025 11:44:23
175,,TW,10,2,草屯鎮,草屯鎮,1,3,2/12/2025 11:44:23,2/12/2025 11:44:23
176,,TW,10,2,國姓鄉,國姓鄉,1,4,2/12/2025 11:44:23,2/12/2025 11:44:23
177,,TW,10,2,埔里鎮,埔里鎮,1,5,2/12/2025 11:44:23,2/12/2025 11:44:23
178,,TW,10,2,仁愛鄉,仁愛鄉,1,6,2/12/2025 11:44:23,2/12/2025 11:44:23
179,,TW,10,2,名間鄉,名間鄉,1,7,2/12/2025 11:44:23,2/12/2025 11:44:23
180,,TW,10,2,集集鎮,集集鎮,1,8,2/12/2025 11:44:23,2/12/2025 11:44:23
181,,TW,10,2,水里鄉,水里鄉,1,9,2/12/2025 11:44:23,2/12/2025 11:44:23
182,,TW,10,2,魚池鄉,魚池鄉,1,10,2/12/2025 11:44:23,2/12/2025 11:44:23
183,,TW,10,2,信義鄉,信義鄉,1,11,2/12/2025 11:44:23,2/12/2025 11:44:23
184,,TW,10,2,竹山鎮,竹山鎮,1,12,2/12/2025 11:44:23,2/12/2025 11:44:23
185,,TW,10,2,鹿谷鄉,鹿谷鄉,1,13,2/12/2025 11:44:23,2/12/2025 11:44:23
186,,TW,11,2,斗南鎮,斗南鎮,1,1,2/12/2025 11:44:23,2/12/2025 11:44:23
187,,TW,11,2,大埤鄉,大埤鄉,1,2,2/12/2025 11:44:23,2/12/2025 11:44:23
188,,TW,11,2,虎尾鎮,虎尾鎮,1,3,2/12/2025 11:44:23,2/12/2025 11:44:23
189,,TW,11,2,土庫鎮,土庫鎮,1,4,2/12/2025 11:44:23,2/12/2025 11:44:23
190,,TW,11,2,褒忠鄉,褒忠鄉,1,5,2/12/2025 11:44:23,2/12/2025 11:44:23
191,,TW,11,2,東勢鄉,東勢鄉,1,6,2/12/2025 11:44:23,2/12/2025 11:44:23
192,,TW,11,2,臺西鄉,臺西鄉,1,7,2/12/2025 11:44:23,2/12/2025 11:44:23
193,,TW,11,2,崙背鄉,崙背鄉,1,8,2/12/2025 11:44:23,2/12/2025 11:44:23
194,,TW,11,2,麥寮鄉,麥寮鄉,1,9,2/12/2025 11:44:23,2/12/2025 11:44:23
195,,TW,11,2,斗六市,斗六市,1,10,2/12/2025 11:44:23,2/12/2025 11:44:23
196,,TW,11,2,林內鄉,林內鄉,1,11,2/12/2025 11:44:23,2/12/2025 11:44:23
197,,TW,11,2,古坑鄉,古坑鄉,1,12,2/12/2025 11:44:23,2/12/2025 11:44:23
198,,TW,11,2,莿桐鄉,莿桐鄉,1,13,2/12/2025 11:44:23,2/12/2025 11:44:23
199,,TW,11,2,西螺鎮,西螺鎮,1,14,2/12/2025 11:44:23,2/12/2025 11:44:23
200,,TW,11,2,二崙鄉,二崙鄉,1,15,2/12/2025 11:44:23,2/12/2025 11:44:23
201,,TW,11,2,北港鎮,北港鎮,1,16,2/12/2025 11:44:23,2/12/2025 11:44:23
202,,TW,11,2,水林鄉,水林鄉,1,17,2/12/2025 11:44:23,2/12/2025 11:44:23
203,,TW,11,2,口湖鄉,口湖鄉,1,18,2/12/2025 11:44:23,2/12/2025 11:44:23
204,,TW,11,2,四湖鄉,四湖鄉,1,19,2/12/2025 11:44:23,2/12/2025 11:44:23
205,,TW,11,2,元長鄉,元長鄉,1,20,2/12/2025 11:44:23,2/12/2025 11:44:23
206,,TW,12,2,東區,東區,1,1,2/12/2025 11:44:23,2/12/2025 11:44:23
207,,TW,12,2,西區,西區,1,2,2/12/2025 11:44:23,2/12/2025 11:44:23
208,,TW,13,2,番路鄉,番路鄉,1,1,2/12/2025 11:44:23,2/12/2025 11:44:23
209,,TW,13,2,梅山鄉,梅山鄉,1,2,2/12/2025 11:44:23,2/12/2025 11:44:23
210,,TW,13,2,竹崎鄉,竹崎鄉,1,3,2/12/2025 11:44:23,2/12/2025 11:44:23
211,,TW,13,2,阿里山鄉,阿里山鄉,1,4,2/12/2025 11:44:23,2/12/2025 11:44:23
212,,TW,13,2,中埔鄉,中埔鄉,1,5,2/12/2025 11:44:23,2/12/2025 11:44:23
213,,TW,13,2,大埔鄉,大埔鄉,1,6,2/12/2025 11:44:23,2/12/2025 11:44:23
214,,TW,13,2,水上鄉,水上鄉,1,7,2/12/2025 11:44:23,2/12/2025 11:44:23
215,,TW,13,2,鹿草鄉,鹿草鄉,1,8,2/12/2025 11:44:23,2/12/2025 11:44:23
216,,TW,13,2,太保市,太保市,1,9,2/12/2025 11:44:23,2/12/2025 11:44:23
217,,TW,13,2,朴子市,朴子市,1,10,2/12/2025 11:44:23,2/12/2025 11:44:23
218,,TW,13,2,東石鄉,東石鄉,1,11,2/12/2025 11:44:23,2/12/2025 11:44:23
219,,TW,13,2,六腳鄉,六腳鄉,1,12,2/12/2025 11:44:23,2/12/2025 11:44:23
220,,TW,13,2,新港鄉,新港鄉,1,13,2/12/2025 11:44:23,2/12/2025 11:44:23
221,,TW,13,2,民雄鄉,民雄鄉,1,14,2/12/2025 11:44:23,2/12/2025 11:44:23
222,,TW,13,2,大林鎮,大林鎮,1,15,2/12/2025 11:44:23,2/12/2025 11:44:23
223,,TW,13,2,溪口鄉,溪口鄉,1,16,2/12/2025 11:44:23,2/12/2025 11:44:23
224,,TW,13,2,義竹鄉,義竹鄉,1,17,2/12/2025 11:44:23,2/12/2025 11:44:23
225,,TW,13,2,布袋鎮,布袋鎮,1,18,2/12/2025 11:44:23,2/12/2025 11:44:23
226,,TW,14,2,中西區,中西區,1,1,2/12/2025 11:44:23,2/12/2025 11:44:23
227,,TW,14,2,東區,東區,1,2,2/12/2025 11:44:23,2/12/2025 11:44:23
228,,TW,14,2,南區,南區,1,3,2/12/2025 11:44:23,2/12/2025 11:44:23
229,,TW,14,2,北區,北區,1,4,2/12/2025 11:44:23,2/12/2025 11:44:23
230,,TW,14,2,安平區,安平區,1,5,2/12/2025 11:44:23,2/12/2025 11:44:23
231,,TW,14,2,安南區,安南區,1,6,2/12/2025 11:44:23,2/12/2025 11:44:23
232,,TW,14,2,永康區,永康區,1,7,2/12/2025 11:44:23,2/12/2025 11:44:23
233,,TW,14,2,歸仁區,歸仁區,1,8,2/12/2025 11:44:23,2/12/2025 11:44:23
234,,TW,14,2,新化區,新化區,1,9,2/12/2025 11:44:23,2/12/2025 11:44:23
235,,TW,14,2,左鎮區,左鎮區,1,10,2/12/2025 11:44:23,2/12/2025 11:44:23
236,,TW,14,2,玉井區,玉井區,1,11,2/12/2025 11:44:23,2/12/2025 11:44:23
237,,TW,14,2,楠西區,楠西區,1,12,2/12/2025 11:44:23,2/12/2025 11:44:23
238,,TW,14,2,南化區,南化區,1,13,2/12/2025 11:44:23,2/12/2025 11:44:23
239,,TW,14,2,仁德區,仁德區,1,14,2/12/2025 11:44:23,2/12/2025 11:44:23
240,,TW,14,2,關廟區,關廟區,1,15,2/12/2025 11:44:23,2/12/2025 11:44:23
241,,TW,14,2,龍崎區,龍崎區,1,16,2/12/2025 11:44:23,2/12/2025 11:44:23
242,,TW,14,2,官田區,官田區,1,17,2/12/2025 11:44:23,2/12/2025 11:44:23
243,,TW,14,2,麻豆區,麻豆區,1,18,2/12/2025 11:44:23,2/12/2025 11:44:23
244,,TW,14,2,佳里區,佳里區,1,19,2/12/2025 11:44:23,2/12/2025 11:44:23
245,,TW,14,2,西港區,西港區,1,20,2/12/2025 11:44:23,2/12/2025 11:44:23
246,,TW,14,2,七股區,七股區,1,21,2/12/2025 11:44:23,2/12/2025 11:44:23
247,,TW,14,2,將軍區,將軍區,1,22,2/12/2025 11:44:23,2/12/2025 11:44:23
248,,TW,14,2,學甲區,學甲區,1,23,2/12/2025 11:44:23,2/12/2025 11:44:23
249,,TW,14,2,北門區,北門區,1,24,2/12/2025 11:44:23,2/12/2025 11:44:23
250,,TW,14,2,新營區,新營區,1,25,2/12/2025 11:44:23,2/12/2025 11:44:23
251,,TW,14,2,後壁區,後壁區,1,26,2/12/2025 11:44:23,2/12/2025 11:44:23
252,,TW,14,2,白河區,白河區,1,27,2/12/2025 11:44:23,2/12/2025 11:44:23
253,,TW,14,2,東山區,東山區,1,28,2/12/2025 11:44:23,2/12/2025 11:44:23
254,,TW,14,2,六甲區,六甲區,1,29,2/12/2025 11:44:23,2/12/2025 11:44:23
255,,TW,14,2,下營區,下營區,1,30,2/12/2025 11:44:23,2/12/2025 11:44:23
256,,TW,14,2,柳營區,柳營區,1,31,2/12/2025 11:44:23,2/12/2025 11:44:23
257,,TW,14,2,鹽水區,鹽水區,1,32,2/12/2025 11:44:23,2/12/2025 11:44:23
258,,TW,14,2,善化區,善化區,1,33,2/12/2025 11:44:23,2/12/2025 11:44:23
259,,TW,14,2,大內區,大內區,1,34,2/12/2025 11:44:23,2/12/2025 11:44:23
260,,TW,14,2,山上區,山上區,1,35,2/12/2025 11:44:23,2/12/2025 11:44:23
261,,TW,14,2,新市區,新市區,1,36,2/12/2025 11:44:23,2/12/2025 11:44:23
262,,TW,14,2,安定區,安定區,1,37,2/12/2025 11:44:23,2/12/2025 11:44:23
263,,TW,15,2,新興區,新興區,1,1,2/12/2025 11:44:23,2/12/2025 11:44:23
264,,TW,15,2,前金區,前金區,1,2,2/12/2025 11:44:23,2/12/2025 11:44:23
265,,TW,15,2,苓雅區,苓雅區,1,3,2/12/2025 11:44:23,2/12/2025 11:44:23
266,,TW,15,2,鹽埕區,鹽埕區,1,4,2/12/2025 11:44:23,2/12/2025 11:44:23
267,,TW,15,2,鼓山區,鼓山區,1,5,2/12/2025 11:44:23,2/12/2025 11:44:23
268,,TW,15,2,旗津區,旗津區,1,6,2/12/2025 11:44:23,2/12/2025 11:44:23
269,,TW,15,2,前鎮區,前鎮區,1,7,2/12/2025 11:44:23,2/12/2025 11:44:23
270,,TW,15,2,三民區,三民區,1,8,2/12/2025 11:44:23,2/12/2025 11:44:23
271,,TW,15,2,楠梓區,楠梓區,1,9,2/12/2025 11:44:23,2/12/2025 11:44:23
272,,TW,15,2,小港區,小港區,1,10,2/12/2025 11:44:23,2/12/2025 11:44:23
273,,TW,15,2,左營區,左營區,1,11,2/12/2025 11:44:23,2/12/2025 11:44:23
274,,TW,15,2,仁武區,仁武區,1,12,2/12/2025 11:44:23,2/12/2025 11:44:23
275,,TW,15,2,大社區,大社區,1,13,2/12/2025 11:44:23,2/12/2025 11:44:23
276,,TW,15,2,東沙群島,東沙群島,1,14,2/12/2025 11:44:23,2/12/2025 11:44:23
277,,TW,15,2,南沙群島,南沙群島,1,15,2/12/2025 11:44:23,2/12/2025 11:44:23
278,,TW,15,2,岡山區,岡山區,1,16,2/12/2025 11:44:23,2/12/2025 11:44:23
279,,TW,15,2,路竹區,路竹區,1,17,2/12/2025 11:44:23,2/12/2025 11:44:23
280,,TW,15,2,阿蓮區,阿蓮區,1,18,2/12/2025 11:44:23,2/12/2025 11:44:23
281,,TW,15,2,田寮區,田寮區,1,19,2/12/2025 11:44:23,2/12/2025 11:44:23
282,,TW,15,2,燕巢區,燕巢區,1,20,2/12/2025 11:44:23,2/12/2025 11:44:23
283,,TW,15,2,橋頭區,橋頭區,1,21,2/12/2025 11:44:23,2/12/2025 11:44:23
284,,TW,15,2,梓官區,梓官區,1,22,2/12/2025 11:44:23,2/12/2025 11:44:23
285,,TW,15,2,彌陀區,彌陀區,1,23,2/12/2025 11:44:23,2/12/2025 11:44:23
286,,TW,15,2,永安區,永安區,1,24,2/12/2025 11:44:23,2/12/2025 11:44:23
287,,TW,15,2,湖內區,湖內區,1,25,2/12/2025 11:44:23,2/12/2025 11:44:23
288,,TW,15,2,鳳山區,鳳山區,1,26,2/12/2025 11:44:23,2/12/2025 11:44:23
289,,TW,15,2,大寮區,大寮區,1,27,2/12/2025 11:44:23,2/12/2025 11:44:23
290,,TW,15,2,林園區,林園區,1,28,2/12/2025 11:44:23,2/12/2025 11:44:23
291,,TW,15,2,鳥松區,鳥松區,1,29,2/12/2025 11:44:23,2/12/2025 11:44:23
292,,TW,15,2,大樹區,大樹區,1,30,2/12/2025 11:44:23,2/12/2025 11:44:23
293,,TW,15,2,旗山區,旗山區,1,31,2/12/2025 11:44:23,2/12/2025 11:44:23
294,,TW,15,2,美濃區,美濃區,1,32,2/12/2025 11:44:23,2/12/2025 11:44:23
295,,TW,15,2,六龜區,六龜區,1,33,2/12/2025 11:44:23,2/12/2025 11:44:23
296,,TW,15,2,內門區,內門區,1,34,2/12/2025 11:44:23,2/12/2025 11:44:23
297,,TW,15,2,杉林區,杉林區,1,35,2/12/2025 11:44:23,2/12/2025 11:44:23
298,,TW,15,2,甲仙區,甲仙區,1,36,2/12/2025 11:44:23,2/12/2025 11:44:23
299,,TW,15,2,桃源區,桃源區,1,37,2/12/2025 11:44:23,2/12/2025 11:44:23
300,,TW,15,2,那瑪夏區,那瑪夏區,1,38,2/12/2025 11:44:23,2/12/2025 11:44:23
301,,TW,15,2,茂林區,茂林區,1,39,2/12/2025 11:44:23,2/12/2025 11:44:23
302,,TW,15,2,茄萣區,茄萣區,1,40,2/12/2025 11:44:23,2/12/2025 11:44:23
303,,TW,16,2,屏東市,屏東市,1,1,2/12/2025 11:44:23,2/12/2025 11:44:23
304,,TW,16,2,三地門鄉,三地門鄉,1,2,2/12/2025 11:44:23,2/12/2025 11:44:23
305,,TW,16,2,霧臺鄉,霧臺鄉,1,3,2/12/2025 11:44:23,2/12/2025 11:44:23
306,,TW,16,2,瑪家鄉,瑪家鄉,1,4,2/12/2025 11:44:23,2/12/2025 11:44:23
307,,TW,16,2,九如鄉,九如鄉,1,5,2/12/2025 11:44:23,2/12/2025 11:44:23
308,,TW,16,2,里港鄉,里港鄉,1,6,2/12/2025 11:44:23,2/12/2025 11:44:23
309,,TW,16,2,高樹鄉,高樹鄉,1,7,2/12/2025 11:44:23,2/12/2025 11:44:23
310,,TW,16,2,鹽埔鄉,鹽埔鄉,1,8,2/12/2025 11:44:23,2/12/2025 11:44:23
311,,TW,16,2,長治鄉,長治鄉,1,9,2/12/2025 11:44:23,2/12/2025 11:44:23
312,,TW,16,2,麟洛鄉,麟洛鄉,1,10,2/12/2025 11:44:23,2/12/2025 11:44:23
313,,TW,16,2,竹田鄉,竹田鄉,1,11,2/12/2025 11:44:23,2/12/2025 11:44:23
314,,TW,16,2,內埔鄉,內埔鄉,1,12,2/12/2025 11:44:23,2/12/2025 11:44:23
315,,TW,16,2,萬丹鄉,萬丹鄉,1,13,2/12/2025 11:44:23,2/12/2025 11:44:23
316,,TW,16,2,潮州鎮,潮州鎮,1,14,2/12/2025 11:44:23,2/12/2025 11:44:23
317,,TW,16,2,泰武鄉,泰武鄉,1,15,2/12/2025 11:44:23,2/12/2025 11:44:23
318,,TW,16,2,來義鄉,來義鄉,1,16,2/12/2025 11:44:23,2/12/2025 11:44:23
319,,TW,16,2,萬巒鄉,萬巒鄉,1,17,2/12/2025 11:44:23,2/12/2025 11:44:23
320,,TW,16,2,崁頂鄉,崁頂鄉,1,18,2/12/2025 11:44:23,2/12/2025 11:44:23
321,,TW,16,2,新埤鄉,新埤鄉,1,19,2/12/2025 11:44:23,2/12/2025 11:44:23
322,,TW,16,2,南州鄉,南州鄉,1,20,2/12/2025 11:44:23,2/12/2025 11:44:23
323,,TW,16,2,林邊鄉,林邊鄉,1,21,2/12/2025 11:44:23,2/12/2025 11:44:23
324,,TW,16,2,東港鎮,東港鎮,1,22,2/12/2025 11:44:23,2/12/2025 11:44:23
325,,TW,16,2,琉球鄉,琉球鄉,1,23,2/12/2025 11:44:23,2/12/2025 11:44:23
326,,TW,16,2,佳冬鄉,佳冬鄉,1,24,2/12/2025 11:44:23,2/12/2025 11:44:23
327,,TW,16,2,新園鄉,新園鄉,1,25,2/12/2025 11:44:23,2/12/2025 11:44:23
328,,TW,16,2,枋寮鄉,枋寮鄉,1,26,2/12/2025 11:44:23,2/12/2025 11:44:23
329,,TW,16,2,枋山鄉,枋山鄉,1,27,2/12/2025 11:44:23,2/12/2025 11:44:23
330,,TW,16,2,春日鄉,春日鄉,1,28,2/12/2025 11:44:23,2/12/2025 11:44:23
331,,TW,16,2,獅子鄉,獅子鄉,1,29,2/12/2025 11:44:23,2/12/2025 11:44:23
332,,TW,16,2,車城鄉,車城鄉,1,30,2/12/2025 11:44:23,2/12/2025 11:44:23
333,,TW,16,2,牡丹鄉,牡丹鄉,1,31,2/12/2025 11:44:23,2/12/2025 11:44:23
334,,TW,16,2,恆春鎮,恆春鎮,1,32,2/12/2025 11:44:23,2/12/2025 11:44:23
335,,TW,16,2,滿州鄉,滿州鄉,1,33,2/12/2025 11:44:23,2/12/2025 11:44:23
336,,TW,17,2,臺東市,臺東市,1,1,2/12/2025 11:44:23,2/12/2025 11:44:23
337,,TW,17,2,綠島鄉,綠島鄉,1,2,2/12/2025 11:44:23,2/12/2025 11:44:23
338,,TW,17,2,蘭嶼鄉,蘭嶼鄉,1,3,2/12/2025 11:44:23,2/12/2025 11:44:23
339,,TW,17,2,延平鄉,延平鄉,1,4,2/12/2025 11:44:23,2/12/2025 11:44:23
340,,TW,17,2,卑南鄉,卑南鄉,1,5,2/12/2025 11:44:23,2/12/2025 11:44:23
341,,TW,17,2,鹿野鄉,鹿野鄉,1,6,2/12/2025 11:44:23,2/12/2025 11:44:23
342,,TW,17,2,關山鎮,關山鎮,1,7,2/12/2025 11:44:23,2/12/2025 11:44:23
343,,TW,17,2,海端鄉,海端鄉,1,8,2/12/2025 11:44:23,2/12/2025 11:44:23
344,,TW,17,2,池上鄉,池上鄉,1,9,2/12/2025 11:44:23,2/12/2025 11:44:23
345,,TW,17,2,東河鄉,東河鄉,1,10,2/12/2025 11:44:23,2/12/2025 11:44:23
346,,TW,17,2,成功鎮,成功鎮,1,11,2/12/2025 11:44:23,2/12/2025 11:44:23
347,,TW,17,2,長濱鄉,長濱鄉,1,12,2/12/2025 11:44:23,2/12/2025 11:44:23
348,,TW,17,2,太麻里鄉,太麻里鄉,1,13,2/12/2025 11:44:23,2/12/2025 11:44:23
349,,TW,17,2,金峰鄉,金峰鄉,1,14,2/12/2025 11:44:23,2/12/2025 11:44:23
350,,TW,17,2,大武鄉,大武鄉,1,15,2/12/2025 11:44:23,2/12/2025 11:44:23
351,,TW,17,2,達仁鄉,達仁鄉,1,16,2/12/2025 11:44:23,2/12/2025 11:44:23
352,,TW,18,2,花蓮市,花蓮市,1,1,2/12/2025 11:44:23,2/12/2025 11:44:23
353,,TW,18,2,新城鄉,新城鄉,1,2,2/12/2025 11:44:23,2/12/2025 11:44:23
354,,TW,18,2,秀林鄉,秀林鄉,1,3,2/12/2025 11:44:23,2/12/2025 11:44:23
355,,TW,18,2,吉安鄉,吉安鄉,1,4,2/12/2025 11:44:23,2/12/2025 11:44:23
356,,TW,18,2,壽豐鄉,壽豐鄉,1,5,2/12/2025 11:44:23,2/12/2025 11:44:23
357,,TW,18,2,鳳林鎮,鳳林鎮,1,6,2/12/2025 11:44:23,2/12/2025 11:44:23
358,,TW,18,2,光復鄉,光復鄉,1,7,2/12/2025 11:44:23,2/12/2025 11:44:23
359,,TW,18,2,豐濱鄉,豐濱鄉,1,8,2/12/2025 11:44:23,2/12/2025 11:44:23
360,,TW,18,2,瑞穗鄉,瑞穗鄉,1,9,2/12/2025 11:44:23,2/12/2025 11:44:23
361,,TW,18,2,萬榮鄉,萬榮鄉,1,10,2/12/2025 11:44:23,2/12/2025 11:44:23
362,,TW,18,2,玉里鎮,玉里鎮,1,11,2/12/2025 11:44:23,2/12/2025 11:44:23
363,,TW,18,2,卓溪鄉,卓溪鄉,1,12,2/12/2025 11:44:23,2/12/2025 11:44:23
364,,TW,18,2,富里鄉,富里鄉,1,13,2/12/2025 11:44:23,2/12/2025 11:44:23
365,,TW,19,2,宜蘭市,宜蘭市,1,1,2/12/2025 11:44:23,2/12/2025 11:44:23
366,,TW,19,2,頭城鎮,頭城鎮,1,2,2/12/2025 11:44:23,2/12/2025 11:44:23
367,,TW,19,2,礁溪鄉,礁溪鄉,1,3,2/12/2025 11:44:23,2/12/2025 11:44:23
368,,TW,19,2,壯圍鄉,壯圍鄉,1,4,2/12/2025 11:44:23,2/12/2025 11:44:23
369,,TW,19,2,員山鄉,員山鄉,1,5,2/12/2025 11:44:23,2/12/2025 11:44:23
370,,TW,19,2,羅東鎮,羅東鎮,1,6,2/12/2025 11:44:23,2/12/2025 11:44:23
371,,TW,19,2,三星鄉,三星鄉,1,7,2/12/2025 11:44:23,2/12/2025 11:44:23
372,,TW,19,2,大同鄉,大同鄉,1,8,2/12/2025 11:44:23,2/12/2025 11:44:23
373,,TW,19,2,五結鄉,五結鄉,1,9,2/12/2025 11:44:23,2/12/2025 11:44:23
374,,TW,19,2,冬山鄉,冬山鄉,1,10,2/12/2025 11:44:23,2/12/2025 11:44:23
375,,TW,19,2,蘇澳鎮,蘇澳鎮,1,11,2/12/2025 11:44:23,2/12/2025 11:44:23
376,,TW,19,2,南澳鄉,南澳鄉,1,12,2/12/2025 11:44:23,2/12/2025 11:44:23
377,,TW,19,2,釣魚臺,釣魚臺,1,13,2/12/2025 11:44:23,2/12/2025 11:44:23
378,,TW,20,2,馬公市,馬公市,1,1,2/12/2025 11:44:23,2/12/2025 11:44:23
379,,TW,20,2,西嶼鄉,西嶼鄉,1,2,2/12/2025 11:44:23,2/12/2025 11:44:23
380,,TW,20,2,望安鄉,望安鄉,1,3,2/12/2025 11:44:23,2/12/2025 11:44:23
381,,TW,20,2,七美鄉,七美鄉,1,4,2/12/2025 11:44:23,2/12/2025 11:44:23
382,,TW,20,2,白沙鄉,白沙鄉,1,5,2/12/2025 11:44:23,2/12/2025 11:44:23
383,,TW,20,2,湖西鄉,湖西鄉,1,6,2/12/2025 11:44:23,2/12/2025 11:44:23
384,,TW,21,2,金沙鎮,金沙鎮,1,1,2/12/2025 11:44:23,2/12/2025 11:44:23
385,,TW,21,2,金湖鎮,金湖鎮,1,2,2/12/2025 11:44:23,2/12/2025 11:44:23
386,,TW,21,2,金寧鄉,金寧鄉,1,3,2/12/2025 11:44:23,2/12/2025 11:44:23
387,,TW,21,2,金城鎮,金城鎮,1,4,2/12/2025 11:44:23,2/12/2025 11:44:23
388,,TW,21,2,烈嶼鄉,烈嶼鄉,1,5,2/12/2025 11:44:23,2/12/2025 11:44:23
389,,TW,21,2,烏坵鄉,烏坵鄉,1,6,2/12/2025 11:44:23,2/12/2025 11:44:23
390,,TW,22,2,南竿鄉,南竿鄉,1,1,2/12/2025 11:44:23,2/12/2025 11:44:23
391,,TW,22,2,北竿鄉,北竿鄉,1,2,2/12/2025 11:44:23,2/12/2025 11:44:23
392,,TW,22,2,莒光鄉,莒光鄉,1,3,2/12/2025 11:44:23,2/12/2025 11:44:23
393,,TW,22,2,東引鄉,東引鄉,1,4,2/12/2025 11:44:23,2/12/2025 11:44:23
500,,TW,0,2,自取區,自取區,1,38,2/12/2025 11:44:23,2/12/2025 11:44:23
